{
  "id": "http://openinterconnect.org/iotdatamodels/schemas/oic.r.repetition.json#",
  "$schema": "http://json-schema.org/draft-04/schema#",
  "description": "Copyright (c) 2016 Open Connectivity Foundation, Inc. All rights reserved.",
  "title": "Repetition",
  "definitions": {
    "oic.r.repetition": {
      "type": "object",
      "properties": {
        "repetition": {
          "type": "integer",
          "minimum": 0,
          "description": "ReadOnly, An instance to measure the number of a certain repetitive workout."
        },
        "observedtime": {
          "type": "string",
          "description": "ReadOnly, An ISO8601 format time indicating when the data is observed (ex: 2016-02-15T09:19Z)"
        }
      }
    }
  },
  "type": "object",
  "allOf": [
    {"$ref": "oic.core.json#/definitions/oic.core"},
    {"$ref": "oic.baseresource.json#/definitions/oic.r.baseresource"},
    {"$ref": "#/definitions/oic.r.repetition"}
  ],
  "required": ["repetition"]
}
