{
  "id": "http://openinterconnect.org/iotdatamodels/schemas/oic.r.body.site.json#",
  "$schema": "http://json-schema.org/draft-04/schema#",
  "description": "Copyright (c) 2016 Open Connectivity Foundation, Inc. All rights reserved.",
  "title": "Body site",
  "definitions": {
    "oic.r.body.site": {
      "type": "object",
      "properties": {
        "bodysite": {
          "type": "integer",
          "minimum": 248,
          "maximum": 992,
          "description": "ReadOnly, Nomenclature code referring a specific muscle group engaged. Refer to Annex C of IEEE Std 11073-10442-2008."
        },
        "observedtime": {
          "type": "string",
          "description": "ReadOnly, An ISO8601 format time indicating when the data is observed (ex: 2016-02-15T09:19Z)"
        }
      }
    }
  },
  "type": "object",
  "allOf": [
    {"$ref": "oic.core.json#/definitions/oic.core"},
    {"$ref": "oic.baseresource.json#/definitions/oic.r.baseresource"},
    {"$ref": "#/definitions/oic.r.body.site"}
  ],
  "required": ["bodysite"]
}
