{
  "id": "http://openinterconnect.org/iotdatamodels/schemas/oic.r.blood.pressure.json#",
  "description": "Copyright (c) 2016 Open Connectivity Foundation, Inc. All rights reserved.",
  "$schema": "http://json-schema.org/draft-04/schema#",
  "title": "Blood pressure sensor",
  "definitions": {
    "oic.r.blood.pressure": {
      "type": "object",
      "properties": {
        "bloodpressure": {
          "type": "string",
          "description": "ReadOnly, measured blood pressure in mmHG. It uses CSV (data type) containing systolic, diastolic values."
        },
        "map": {
          "type": "number",
          "description": "ReadOnly, measured blood pressure in mmHG. MAP(Mean Arterial Pressure) is a value of the integral of one cycle of the blood pressure curve divided by the period between successive heart beats."
        },
        "observedtime": {
          "type": "string",
          "description": "ReadOnly, An ISO8601 format time indicating when the data is observed (ex: 2016-02-15T09:19Z)"
        }
      }
    }
  },
  "type": "object",
  "allOf": [
    {"$ref": "oic.core.json#/definitions/oic.core"},
    {"$ref": "oic.baseresource.json#/definitions/oic.r.baseresource"},
    {"$ref": "#/definitions/oic.r.blood.pressure"}
  ],
  "required": ["bloodpressure"]
}
