{
  "id": "http://openinterconnect.org/schemas/oic.r.speed#",
  "$schema": "http://json-schema.org/draft-04/schema#",
  "description": "Copyright (c) 2016 Open Interconnect Consortium, Inc. All rights reserved.",
  "title": "Speed",
  "definitions": {
    "oic.r.speed": {
      "type": "object",
      "properties": {
        "speed": {
          "type": "integer",
          "minimum": 0,
          "description": "current speed"
        },
        "units": {
          "type": "string",
          "enum": ["mph", "km/h", "Mach", "knot", "m/min", "m/s", "ft/s", "cm/s", "yard/s"],
          "description": "Unit of current speed"
        },
        "observedtime": {
          "type": "string",
          "description": "ReadOnly, An ISO8601 format time indicating when the data is observed (ex: 2016-02-15T09:19Z)"
        }
      }
    }
  },
  "type": "object",
  "allOf": [
    {"$ref": "oic.core.json#/definitions/oic.core"},
    {"$ref": "oic.baseResource.json#/definitions/oic.r.baseresource"},
    {"$ref": "#/definitions/oic.r.speed"}
  ],
  "required": ["speed", "units"]
}
