{
  "id": "http://openinterconnect.org/iotdatamodels/schemas/oic.r.body.fat.json#",
  "description": "Copyright (c) 2016 Open Connectivity Foundation, Inc. All rights reserved.",
  "$schema": "http://json-schema.org/draft-04/schema#",
  "title": "Body fat",
  "definitions": {
    "oic.r.body.fat": {
      "type": "object",
      "properties": {
        "bodyfat": {
          "type": "number",
          "description": "ReadOnly, The difference between the body weight and the fat free mass"
        },
        "units": {
          "enum": ["kg", "lb", "%"],
          "description": "ReadOnly, Unit of a measure of the obesity of a person"
        },
        "observedtime": {
          "type": "string",
          "description": "ReadOnly, An ISO8601 format time indicating when the data is observed (ex: 2016-02-15T09:19Z)"
        }
      }
    }
  },
  "type": "object",
  "allOf": [
    {"$ref": "oic.core.json#/definitions/oic.core"},
    {"$ref": "oic.baseResource.json#/definitions/oic.r.baseresource"},
    {"$ref": "#/definitions/oic.r.body.fat"}
  ],
  "required": ["bodyfat", "units"]
}
