{
  "id": "http://openinterconnect.org/iotdatamodels/schemas/oic.r.emg.json#",
  "$schema": "http://json-schema.org/draft-04/schema#",
  "description": "Copyright (c) 2016 Open Connectivity Foundation, Inc. All rights reserved.",
  "title": "Electromyogram",
  "definitions": {
    "oic.r.emg": {
      "type": "object",
      "properties": {
        "mi": {
          "type": "number",
          "minimum": 0,
          "maximum": 1023,
          "description": "ReadOnly, The value of Muscle intensity that generated by skeletal muscles."
        },
        "observedtime": {
          "type": "string",
          "description": "ReadOnly, An ISO8601 format time indicating when the data is observed (ex: 2016-02-15T09:19Z)"
        }
      }
    }
  },
  "type": "object",
  "allOf": [
    {"$ref": "oic.core.json#/definitions/oic.core"},
    {"$ref": "oic.baseResource.json#/definitions/oic.r.baseresource"},
    {"$ref": "#/definitions/oic.r.emg"}
  ],
  "required": ["mi"]
}
