{
  "id": "http://openinterconnect.org/iotdatamodels/schemas/oic.r.fev1.json#",
  "description": "Copyright (c) 2016 Open Connectivity Foundation, Inc. All rights reserved.",
  "$schema": "http://json-schema.org/draft-04/schema#",
  "title": "Forced expiratory volume 1",
  "definitions": {
    "oic.r.fev1": {
      "type": "object",
      "properties": {
        "fev1": {
          "type": "number",
          "description": "ReadOnly, The expiratory volume of a subject under forced conditions at 1 second, measured from time zero. FEV1 is measured in liters"
        },
        "observedtime": {
          "type": "string",
          "description": "ReadOnly, An ISO8601 format time indicating when the data is observed (ex: 2016-02-15T09:19Z)"
        }
      }
    }
  },
  "type": "object",
  "allOf": [
    {"$ref": "oic.core.json#/definitions/oic.core"},
    {"$ref": "oic.baseresource.json#/definitions/oic.r.baseresource"},
    {"$ref": "#/definitions/oic.r.fev1"}
  ],
  "required": ["fev1"]
}
