{
  "id": "http://openinterconnect.org/iotdatamodels/schemas/oic.r.muscle.oxygen.saturation.json#",
  "$schema": "http://json-schema.org/draft-04/schema#",
  "description": "Copyright (c) 2016 Open Connectivity Foundation, Inc. All rights reserved.",
  "title": "Muscle Oxygen Saturation",
  "definitions": {
    "oic.r.muscle.oxygen.saturation": {
      "type": "object",
      "properties": {
        "smo2": {
          "type": "number",
          "minimum": 0,
          "description": "ReadOnly, SMO2(Muscle Oxygen Saturation). It is the percentage of hemoglobin that is carrying oxygen in muscle tissue."
        },
        "observedtime": {
          "type": "string",
          "description": "ReadOnly, An ISO8601 format time indicating when the data is observed (ex: 2016-02-15T09:19Z)"
        }
      }
    }
  },
  "type": "object",
  "allOf": [
    {"$ref": "oic.core.json#/definitions/oic.core"},
    {"$ref": "oic.baseResource.json#/definitions/oic.r.baseresource"},
    {"$ref": "#/definitions/oic.r.muscle.oxygen.saturation"}
  ],
  "required": ["smo2"]
}
