{
  "id": "http://openinterconnect.org/iotdatamodels/schemas/oic.r.pef.json#",
  "description": "Copyright (c) 2016 Open Connectivity Foundation, Inc. All rights reserved.",
  "$schema": "http://json-schema.org/draft-04/schema#",
  "title": "Peak expiratory flow",
  "definitions": {
    "oic.r.pef": {
      "type": "object",
      "properties": {
        "pef": {
          "type": "number",
          "description": "ReadOnly, Maximum flow measured at the mouth during an expiration delivered with maximal force starting immediately after achieving maximum lung inflation. PEF is measured in liters per minute."
        },
        "observedtime": {
          "type": "string",
          "description": "ReadOnly, An ISO8601 format time indicating when the data is observed (ex: 2016-02-15T09:19Z)"
        }
      }
    }
  },
  "type": "object",
  "allOf": [
    {"$ref": "oic.core.json#/definitions/oic.core"},
    {"$ref": "oic.baseresource.json#/definitions/oic.r.baseresource"},
    {"$ref": "#/definitions/oic.r.pef"}
  ],
  "required": ["pef"]
}
