{
  "id": "http://openinterconnect.org/iotdatamodels/schemas/oic.r.activity.json#",
  "$schema": "http://json-schema.org/draft-04/schema#",
  "description": "Copyright (c) 2016 Open Connectivity Foundation, Inc. All rights reserved.",
  "title": "Activity",
  "definitions": {
    "oic.r.activity": {
      "type": "object",
      "properties": {
        "Type": {
          "type": "string",
          "enum": ["sleep", "sit", "stand", "walk", "run"],
          "description": "Users current activity type"
        },
        "Atime": {
          "type": "integer",
          "minimum": 0,
          "description": "Accumulated active time per day within moving condition (stand, walk, run)"
        },
        "Acalory": {
          "type": "integer",
          "minimum": 0,
          "description": "Total used calories per day that calculated by users activity"
        },
        "observedtime": {
          "type": "string",
          "description": "ReadOnly, An ISO8601 format time indicating when the data is observed (ex: 2016-02-15T09:19Z)"
        }
      }
    }
  },
  "type": "object",
  "allOf": [
    {"$ref": "oic.core.json#/definitions/oic.core"},
    {"$ref": "oic.baseResource.json#/definitions/oic.r.baseresource"},
    {"$ref": "#/definitions/oic.r.activity"}
  ],
  "required": ["Type"]
}
