{
  "id": "http://openinterconnect.org/iotdatamodels/schemas/oic.r.cgm.json#",
  "$schema": "http://json-schema.org/draft-04/schema#",
  "description": "Copyright (c) 2016 Open Connectivity Foundation, Inc. All rights reserved.",
  "title": "Continuous Glucose Monitor",
  "definitions": {
    "oic.r.cgm": {
      "type": "object",
      "properties": {
        "bgl": {
          "$ref": "oic.r.blood.glucose.json#/definitions/oic.r.blood.glucose"
        },
        "interval": {
          "type": "integer",
          "minimum": 0,
          "description": "Periodical Time interval for value check. unit is minutes"
        },
        "observedtime": {
          "type": "string",
          "description": "ReadOnly, An ISO8601 format time indicating when the data is observed (ex: 2016-02-15T09:19Z)"
        }
      }
    }
  },
  "type": "object",
  "allOf": [
    {"$ref": "oic.core.json#/definitions/oic.core"},
    {"$ref": "oic.baseResource.json#/definitions/oic.r.baseresource"},
    {"$ref": "#/definitions/oic.r.cgm"}
  ],
  "required": ["interval"]
}
