{
  "id": "http://openinterconnect.org/iotdatamodels/schemas/oic.r.respirationrate.json#",
  "$schema": "http://json-schema.org/draft-04/schema#",
  "description": "Copyright (c) 2016 Open Connectivity Foundation, Inc. All rights reserved.",
  "title": "Respiration rate",
  "definitions": {
    "oic.r.respirationrate": {
      "type": "object",
      "properties": {
        "respirate": {
          "type": "integer",
          "minimum": 0,
          "description": "ReadOnly, Respiration rate per minute"
        },
        "observedtime": {
          "type": "string",
          "description": "ReadOnly, An ISO8601 format time indicating when the data is observed (ex: 2016-02-15T09:19Z)"
        }
      }
    }
  },
  "type": "object",
  "allOf": [
    {"$ref": "oic.core.json#/definitions/oic.core"},
    {"$ref": "oic.baseresource.json#/definitions/oic.r.baseresource"},
    {"$ref": "#/definitions/oic.r.respirationrate"}
  ],
  "required": ["respirate"]
}
