{
  "id": "http://openinterconnect.org/schemas/oic.r.sleep#",
  "$schema": "http://json-schema.org/draft-04/schema#",
  "description": "Copyright (c) 2016 Open Interconnect Consortium, Inc. All rights reserved.",
  "title": "Sleep",
  "definitions": {
    "oic.r.sleep": {
      "type": "object",
      "properties": {
        "Type": {
          "type": "string",
          "enum": ["awake", "light", "deep"],
          "description": "ReadOnly, Sleep type categorized into awake, light, and deep"
        },
        "Tst": {
          "type": "number",
          "minimum": 0,
          "description": "ReadOnly, Total sleep time in hours per day"
        },
        "Dst": {
          "type": "number",
          "minimum": 0,
          "description": "ReadOnly, Total deep sleep time in hours per day"
        },
        "Lst": {
          "type": "number",
          "minimum": 0,
          "description": "ReadOnly, Total light sleep time in hours per day"
        },
        "At": {
          "type": "number",
          "minimum": 0,
          "description": "ReadOnly, Total awake time in hours per day"
        },
        "observedtime": {
          "type": "string",
          "description": "ReadOnly, An ISO8601 format time indicating when the data is observed (ex: 2016-02-15T09:19Z)"
        }
      }
    }
  },
  "type": "object",
  "allOf": [
    {"$ref": "oic.core.json#/definitions/oic.core"},
    {"$ref": "oic.baseresource.json#/definitions/oic.r.baseresource"},
    {"$ref": "#/definitions/oic.r.sleep"}
  ],
  "required": ["Type"]
}
