{
  "id": "http://openinterconnect.org/iotdatamodels/schemas/oic.r.body.temperature.json#",
  "$schema": "http://json-schema.org/draft-04/schema#",
  "description": "Copyright (c) 2016 Open Connectivity Foundation, Inc. All rights reserved.",
  "title": "Body temperature",
  "definitions": {
    "oic.r.body.temperature": {
      "type": "object",
      "allOf": [
        {"$ref": "oic.r.temperature.json#/definitions/oic.r.temperature"},
        {
          "properties": {
            "site": {
              "type": "string",
              "enum": ["anus", "armpit", "ear", "forehead", "mouth"],
              "description": "ReadOnly, Measurement site"
            },
            "observedtime": {
              "type": "string",
              "description": "ReadOnly, An ISO8601 format time indicating when the data is observed (ex: 2016-02-15T09:19Z)"
            }
          }
        }
      ]
    }
  },
  "type": "object",
  "allOf": [
    {"$ref": "oic.core.json#/definitions/oic.core"},
    {"$ref": "oic.baseresource.json#/definitions/oic.r.baseresource"},
    {"$ref": "#/definitions/oic.r.body.temperature"}
  ],
  "required": ["temperature", "units"]
}