{
  "id": "http://openinterconnect.org/iotdatamodels/schemas/oic.r.body.water.json#",
  "description": "Copyright (c) 2016 Open Connectivity Foundation, Inc. All rights reserved.",
  "$schema": "http://json-schema.org/draft-04/schema#",
  "title": "Body water",
  "definitions": {
    "oic.r.body.water": {
      "type": "object",
      "properties": {
        "bodywater": {
          "type": "number",
          "description": "ReadOnly, The total water of the human body"
        },
        "units": {
          "enum": ["kg", "lb", "%"],
          "description": "ReadOnly, Unit of a body water of a person"
        },
        "observedtime": {
          "type": "string",
          "description": "ReadOnly, An ISO8601 format time indicating when the data is observed (ex: 2016-02-15T09:19Z)"
        }
      }
    }
  },
  "type": "object",
  "allOf": [
    {"$ref": "oic.core.json#/definitions/oic.core"},
    {"$ref": "oic.baseresource.json#/definitions/oic.r.baseresource"},
    {"$ref": "#/definitions/oic.r.body.water"}
  ],
  "required": ["bodywater", "units"]
}
