{
  "id": "http://openinterconnect.org/iotdatamodels/schemas/oic.r.slm.json#",
  "description": "Copyright (c) 2016 Open Connectivity Foundation, Inc. All rights reserved.",
  "$schema": "http://json-schema.org/draft-04/schema#",
  "title": "Soft lean mass",
  "definitions": {
    "oic.r.slm": {
      "type": "object",
      "properties": {
        "slm": {
          "type": "number",
          "description": "ReadOnly, The sum of the body water mass and protein mass"
        },
        "units": {
          "type": "string",
          "enum": ["kg", "lb"],
          "description": "ReadOnly, Unit of a soft lean mass of a person"
        },
        "observedtime": {
          "type": "string",
          "description": "ReadOnly, An ISO8601 format time indicating when the data is observed (ex: 2016-02-15T09:19Z)"
        }
      }
    }
  },
  "type": "object",
  "allOf": [
    {"$ref": "oic.core.json#/definitions/oic.core"},
    {"$ref": "oic.baseresource.json#/definitions/oic.r.baseresource"},
    {"$ref": "#/definitions/oic.r.slm"}
  ],
  "required": ["slm", "units"]
}
