{
  "id": "http://openinterconnect.org/iotdatamodels/schemas/oic.r.body.height.json#",
  "$schema": "http://json-schema.org/draft-04/schema#",
  "description": "Copyright (c) 2016 Open Connectivity Foundation, Inc. All rights reserved.",
  "title": "Body height",
  "definitions": {
    "oic.r.body.height": {
      "type": "object",
      "allOf": [
        {"$ref": "oic.r.height.json#/definitions/oic.r.height"},
        {"properties": {
          "heightunits": {
            "enum": ["cm", "inch"],
            "description": "Unit of a person's height"
          },
          "observedtime": {
            "type": "string",
            "description": "ReadOnly, An ISO8601 format time indicating when the data is observed (ex: 2016-02-15T09:19Z)"
          }
         }
        }
      ]
    }
  },
  "type": "object",
  "allOf": [
    {"$ref": "oic.core.json#/definitions/oic.core"},
    {"$ref": "oic.baseResource.json#/definitions/oic.r.baseresource"},
    {"$ref": "#/definitions/oic.r.body.height"}
  ],
  "required": ["height", "heightunits"]
}
