{
  "id": "http://openinterconnect.org/iotdatamodels/schemas/oic.r.blood.oxygen.saturation.json#",
  "$schema": "http://json-schema.org/draft-04/schema#",
  "description": "Copyright (c) 2016 Open Connectivity Foundation, Inc. All rights reserved.",
  "title": "Oxygen saturation",
  "definitions": {
    "oic.r.blood.oxygen.saturation": {
      "type": "object",
      "properties": {
        "spo2": {
          "type": "number",
          "minimum": 0,
          "description": "ReadOnly, Oxygen saturation level in percentage"
        },
        "perfusion": {
          "type": "number",
          "minimum": 0,
          "description": "ReadOnly, Ratio of AC over DC of PPG"
        },
        "observedtime": {
          "type": "string",
          "description": "ReadOnly, An ISO8601 format time indicating when the data is observed (ex: 2016-02-15T09:19Z)"
        }
      }
    }
  },
  "type": "object",
  "allOf": [
    {"$ref": "oic.core.json#/definitions/oic.core"},
    {"$ref": "oic.baseresource.json#/definitions/oic.r.baseresource"},
    {"$ref": "#/definitions/oic.r.blood.oxygen.saturation"}
  ],
  "required": ["spo2"]
}
