{
  "id": "http://openinterconnect.org/iotdatamodels/schemas/oic.r.steps.json#",
  "description": "Copyright (c) 2016 Open Connectivity Foundation, Inc. All rights reserved.",
  "$schema": "http://json-schema.org/draft-04/schema#",
  "title": "Steps",
  "definitions": {
    "oic.r.steps": {
      "type": "object",
      "allOf": [
        {"$ref": "oic.r.sensor.activity.count.json#/definitions/oic.r.sensor.activity.count"},
        {"properties": {
           "distance": {
             "type": "integer",
             "description": "ReadOnly, measured distance based on steps in meters"
           },
           "kcal": {
             "type": "number",
             "description": "ReadOnly, measured calorie based on steps"
           },
           "observedtime": {
             "type": "string",
             "description": "ReadOnly, An ISO8601 format time indicating when the data is observed (ex: 2016-02-15T09:19Z)"
           }
         }
        }
      ]
    }
  },
  "type": "object",
  "allOf": [
    {"$ref": "oic.core.json#/definitions/oic.core"},
    {"$ref": "oic.baseResource.json#/definitions/oic.r.baseresource"},
    {"$ref": "#/definitions/oic.r.steps"}
  ],
  "required": ["count"]
}
