{
  "id": "http://openinterconnect.org/iotdatamodels/schemas/oic.r.cycling.power.json#",
  "$schema": "http://json-schema.org/draft-04/schema#",
  "description": "Copyright (c) 2016 Open Connectivity Foundation, Inc. All rights reserved.",
  "title": "Cycling Power",
  "definitions": {
    "oic.r.cycling.power": {
      "type": "object",
      "properties": {
        "power": {
          "type": "number",
          "minimum": 0,
          "description": "Its measured in watts(w). It means how much work you are outputting while on the bike."
        },
        "leftonly": {
          "type": "boolean",
          "description": "if power meters only measure power from the left side"
        },
        "al-power": {
          "type": "number",
          "minimum": 0,
          "description": "Left side power"
        },
        "ar-power": {
          "type": "number",
          "minimum": 0,
          "description": "Right side power"
        },
        "ftp": {
          "type": "number",
          "minimum": 0,
          "description": "Functional Threshold Power (FTP). Calculate from 20 min Time Trial average wattage * 0.95"
        },
        "observedtime": {
          "type": "string",
          "description": "ReadOnly, An ISO8601 format time indicating when the data is observed (ex: 2016-02-15T09:19Z)"
        }
      }
    }
  },
  "type": "object",
  "allOf": [
    {"$ref": "oic.core.json#/definitions/oic.core"},
    {"$ref": "oic.baseResource.json#/definitions/oic.r.baseresource"},
    {"$ref": "#/definitions/oic.r.cycling.power"}
  ],
  "required": ["power"]
}
