{
  "id": "http://openinterconnect.org/iotdatamodels/schemas/oic.r.breath.json#",
  "$schema": "http://json-schema.org/draft-04/schema#",
  "description": "Copyright (c) 2016 Open Connectivity Foundation, Inc. All rights reserved.",
  "title": "Breath",
  "definitions": {
    "oic.r.breath": {
      "type": "object",
      "properties": {
        "bl": {
          "type": "number",
          "minimum": 0,
          "maximum": 1,
          "description": "ReadOnly, Voltage of Human breathing pressure level"
        },
        "bpm": {
          "$ref": "oic.r.respirationrate.json#/definitions/oic.r.respirationrate"
        },
        "observedtime": {
          "type": "string",
          "description": "ReadOnly, An ISO8601 format time indicating when the data is observed (ex: 2016-02-15T09:19Z)"
        }
      }
    }
  },
  "type": "object",
  "allOf": [
    {"$ref": "oic.core.json#/definitions/oic.core"},
    {"$ref": "oic.baseResource.json#/definitions/oic.r.baseresource"},
    {"$ref": "#/definitions/oic.r.breath"}
  ],
  "required": ["bl"]
}
