{
  "id": "http://openinterconnect.org/iotdatamodels/schemas/oic.r.bmi.json#",
  "$schema": "http://json-schema.org/draft-04/schema#",
  "description": "Copyright (c) 2016 Open Connectivity Foundation, Inc. All rights reserved.",
  "title": "Body Mass Index",
  "definitions": {
    "oic.r.bmi": {
      "type": "object",
      "properties": {
        "bmi": {
          "type": "number",
          "minimum": 0,
          "description": "ReadOnly, Body Mass Index of a person in kg/m^2"
        },
        "bmip": {
          "type": "number",
          "minimum": 0,
          "description": "ReadOnly, BMI prime is a normalized BMI by 25"
        },
        "observedtime": {
          "type": "string",
          "description": "ReadOnly, An ISO8601 format time indicating when the data is observed (ex: 2016-02-15T09:19Z)"
        }
      }
    }
  },
  "type": "object",
  "allOf": [
    {"$ref": "oic.core.json#/definitions/oic.core"},
    {"$ref": "oic.baseresource.json#/definitions/oic.r.baseresource"},
    {"$ref": "#/definitions/oic.r.bmi"}
  ],
  "required": ["bmi"]
}
