{
  "id": "http://openinterconnect.org/iotdatamodels/schemas/oic.r.body.metrics.json#",
  "$schema": "http://json-schema.org/draft-04/schema#",
  "description": "Copyright (c) 2016 Open Connectivity Foundation, Inc. All rights reserved.",
  "title": "Body metrics",
  "definitions": {
    "oic.r.body.metrics": {
      "type": "object",
        "allOf": [
          {"$ref": "oic.r.body.weight.json#/definitions/oic.r.body.weight"},
          {"$ref": "oic.r.body.height.json#/definitions/oic.r.body.height"},
          {"$ref": "oic.r.bmi.json#/definitions/oic.r.bmi"}
        ]
      }
    },
  "type": "object",
  "allOf": [
    {"$ref": "oic.core.json#/definitions/oic.core"},
    {"$ref": "oic.baseresource.json#/definitions/oic.r.baseresource"},
    {"$ref": "#/definitions/oic.r.body.metrics"}
  ],
  "required": ["weight", "units"]
}
