{
  "id": "http://openinterconnect.org/iotdatamodels/schemas/oic.r.heartrate.json#",
  "description": "Copyright (c) 2016 Open Connectivity Foundation, Inc. All rights reserved.",
  "$schema": "http://json-schema.org/draft-04/schema#",
  "title": "Heart rate sensor",
  "definitions": {
    "oic.r.heartrate": {
      "type": "object",
      "properties": {
        "heartrate": {
          "type": "integer",
          "description": "ReadOnly, measured heart rate in bpm."
        },
        "observedtime": {
          "type": "string",
          "description": "ReadOnly, An ISO8601 format time indicating when the data is observed (ex: 2016-02-15T09:19Z)"
        }
      }
    }
  },
  "type": "object",
  "allOf": [
    {"$ref": "oic.core.json#/definitions/oic.core"},
    {"$ref": "oic.baseresource.json#/definitions/oic.r.baseresource"},
    {"$ref": "#/definitions/oic.r.heartrate"}
  ],
  "required": ["heartrate"]
}
