{
  "id": "http://openinterconnect.org/iotdatamodels/schemas/oic.r.distance.json#",
  "$schema": "http://json-schema.org/draft-04/schema#",
  "description": "Copyright (c) 2016 Open Connectivity Foundation, Inc. All rights reserved.",
  "title": "Distance",
  "definitions": {
    "oic.r.distance": {
      "type": "object",
      "properties": {
        "distance": {
          "type": "number",
          "description": "Current distance or length"
        },
        "units": {
          "type": "string",
          "enum": ["kilometer", "meter", "decimeter", "centimeter", "millimeter", "micrometer", "nanometer", "angstrom", "mile", "yard", "feet"],
          "description": "Unit of current distance or length"
        },
        "observedtime": {
          "type": "string",
          "description": "ReadOnly, An ISO8601 format time indicating when the data is observed (ex: 2016-02-15T09:19Z)"
        }
      }
    }
  },
  "type": "object",
  "allOf": [
    {"$ref": "oic.core.json#/definitions/oic.core"},
    {"$ref": "oic.baseResource.json#/definitions/oic.r.baseresource"},
    {"$ref": "#/definitions/oic.r.distance"}
  ],
  "required": ["distance", "units"]
}
