{
  "id": "http://openinterconnect.org/iotdatamodels/schemas/oic.r.blood.glucose.json#",
  "$schema": "http://json-schema.org/draft-04/schema#",
  "description": "Copyright (c) 2016 Open Connectivity Foundation, Inc. All rights reserved.",
  "title": "Blood glucose sensor",
  "definitions": {
    "oic.r.blood.glucose": {
      "type": "object",
      "properties": {
        "bloodsugar": {
          "type": "number",
          "description": "ReadOnly, The concentration of glucose in the blood"
        },
        "units": {
          "type": "string",
          "enum": ["mg/dL", "mmol/L"],
          "description": "ReadOnly, Units used to measure blood sugar levels"
        },
        "site": {
          "type": "string",
          "description": "ReadOnly, Lot number of strip"
        },
        "observedtime": {
          "type": "string",
          "description": "ReadOnly, An ISO8601 format time indicating when the data is observed (ex: 2016-02-15T09:19Z)"
        }
      }
    }
  },
  "type": "object",
  "allOf": [
    {"$ref": "oic.core.json#/definitions/oic.core"},
    {"$ref": "oic.baseResource.json#/definitions/oic.r.baseresource"},
    {"$ref": "#/definitions/oic.r.blood.glucose"}
  ],
  "required": ["bloodsugar", "units"]
}
