{
  "id": "http://openinterconnect.org/iotdatamodels/schemas/oic.r.gsr.json#",
  "$schema": "http://json-schema.org/draft-04/schema#",
  "description": "Copyright (c) 2016 Open Connectivity Foundation, Inc. All rights reserved.",
  "title": "Galvanic Skin Response",
  "definitions": {
    "oic.r.gsr": {
      "type": "object",
      "properties": {
        "skincon": {
          "type": "number",
          "minimum": 0,
          "description": "ReadOnly, the value of skin conductance. unit is uS (micro siemens)"
        },
        "skinres": {
          "type": "number",
          "minimum": 0,
          "description": "ReadOnly, the value of skin resistance. unit is Ohm"
        },
        "skincv": {
          "type": "number",
          "minimum": 0,
          "maximum": 1,
          "description": "ReadOnly, the value of skin conductance in voltage. unit is volt"
        },
        "observedtime": {
          "type": "string",
          "description": "ReadOnly, An ISO8601 format time indicating when the data is observed (ex: 2016-02-15T09:19Z)"
        }
      }
    }
  },
  "type": "object",
  "allOf": [
    {"$ref": "oic.core.json#/definitions/oic.core"},
    {"$ref": "oic.baseResource.json#/definitions/oic.r.baseresource"},
    {"$ref": "#/definitions/oic.r.gsr"}
  ],
  "required": ["skincon","skinres","skincv"]
}
